{
  "count": 2521,
  "mean": 0.10825188417294725,
  "median": 0.032,
  "std": 0.10611930196212689,
  "p10": 0.012,
  "p90": 0.237,
  "NY_count": 1305,
  "TX_count": 1216
}