feature,min,max,mean,std,p50,p90
chronic_condition_count,0.0,8.0,1.9956427015250544,1.6873477841121385,2.0,4.0
symptom_count,0.0,17.0,3.1437908496732025,3.0204939747261768,2.0,7.0
psych_score(zsum),-3.3654484047964264,13.68462227775139,-4.798872507312224e-16,3.870662532580878,-1.3169437328674185,5.827234655012631
