{
  "pooled": {
    "N_perception": 2521,
    "econ1": {
      "N": 2510,
      "corr": -0.28310075968837345,
      "R2": 0.08014604013613402
    },
    "econ2": {
      "N": 2521,
      "corr": -0.2930567026660497,
      "R2": 0.08588223097749748
    }
  }
}