WEEK,segment,rate_human,rate_llm,N,seg_col
2,(1) Not at all or less than 1 day,0.47731397459165154,0.37749546279491836,551,SOC5A
2,(2) 1-2 days,0.483695652173913,0.391304347826087,184,SOC5A
2,(3) 3-4 days,0.5915492957746479,0.4507042253521127,71,SOC5A
2,(4) 5-7 days,0.390625,0.3125,64,SOC5A
2,(77) DON'T KNOW,0.5,0.5,2,SOC5A
2,(98) SKIPPED ON WEB,1.0,0.5,2,SOC5A
