WEEK,segment,rate_human,rate_llm,N,seg_col
3,(1) Excellent,0.576271186440678,0.4745762711864407,177,PHYS8
3,(2) Very good,0.513677811550152,0.44072948328267475,329,PHYS8
3,(3) Good,0.4835680751173709,0.40375586854460094,213,PHYS8
3,(4) Fair,0.3194444444444444,0.18055555555555555,72,PHYS8
3,(5) Poor,0.23076923076923078,0.038461538461538464,26,PHYS8
