WEEK,segment,rate_human,rate_llm,N,seg_col
1,(1) Excellent,0.5359116022099447,0.48066298342541436,181,PHYS8
1,(2) Very good,0.5459940652818991,0.4599406528189911,337,PHYS8
1,(3) Good,0.47465437788018433,0.3870967741935484,217,PHYS8
1,(4) Fair,0.2361111111111111,0.2222222222222222,72,PHYS8
1,(5) Poor,0.08695652173913043,0.043478260869565216,23,PHYS8
