WEEK,segment,rate_human,rate_llm,N,seg_col
1,(1) Rural,0.52,0.56,25,P_DENSE
1,(2) Suburban,0.5104895104895105,0.42657342657342656,143,P_DENSE
1,(3) Urban,0.47806354009077157,0.405446293494705,661,P_DENSE
1,nan,1.0,0.0,1,P_DENSE
