WEEK,segment,rate_human,rate_llm,N,seg_col
2,(1) Excellent,0.5962732919254659,0.4782608695652174,161,PHYS8
2,(2) Very good,0.5159574468085106,0.4175531914893617,376,PHYS8
2,(3) Good,0.4669603524229075,0.3656387665198238,227,PHYS8
2,(4) Fair,0.2441860465116279,0.19767441860465115,86,PHYS8
2,(5) Poor,0.22727272727272727,0.0,22,PHYS8
2,(77) DON'T KNOW,0.0,0.0,1,PHYS8
2,(98) SKIPPED ON WEB,0.0,0.0,1,PHYS8
