{
  "total_count": 2521,
  "count_by_week": {
    "1": 830,
    "2": 874,
    "3": 817
  },
  "count_by_state": {
    "NY": 1305,
    "TX": 1216
  },
  "overall_mean": 0.08573621578738597,
  "overall_median": 0.025,
  "overall_std": 0.10690525929018957,
  "p10": 0.012,
  "p50": 0.025,
  "p90": 0.275
}