{
  "MAE": 5.08248730964467,
  "RMSE": 10.186148153899882,
  "PearsonR": 0.512083707101046,
  "N": 788
}