WEEK,KS,Wasserstein,LLM_N,Human_N
1,0.2534761796216093,7.824709368589014,214,246
2,0.2207425532916098,5.05813059777579,237,269
