{
  "KS": 0.23638085807159925,
  "Wasserstein": 6.359817449895593,
  "LLM_N": 451,
  "Human_N": 515
}