{
  "KS": 0.18971384126778365,
  "Wasserstein": 4.99213449517604,
  "LLM_N": 1003,
  "Human_N": 1046
}