WEEK,STATE,econ1_rate_llm,econ1_rate_human,econ2_mean_llm,econ2_mean_human,STATE_full,avg_new_cases,avg_new_deaths,avg_hospitalized
1,NY,0.40305010893246185,0.42701525054466233,42.08108108108108,,New York,8003.375,1152.0,49749.666666666664
1,TX,0.42048517520215634,0.4123989218328841,40.15384615384615,,Texas,607.5,29.375,1405.0
2,NY,0.376940133037694,0.4079822616407982,41.858823529411765,,New York,3863.5,334.875,64820.444444444445
2,TX,0.3877068557919622,0.4160756501182033,40.853658536585364,,Texas,998.5,36.75,1552.5
3,NY,0.40759493670886077,0.43544303797468353,40.838509316770185,,New York,1357.5,93.33333333333333,80990.28571428571
3,TX,0.3957345971563981,0.4004739336492891,41.44311377245509,,Texas,988.8333333333334,22.666666666666668,
