WEEK,segment,rate_human,rate_llm,N,seg_col
3,(1) Rural,0.42857142857142855,0.3142857142857143,35,P_DENSE
3,(2) Suburban,0.453125,0.3671875,128,P_DENSE
3,(3) Urban,0.5045871559633027,0.41437308868501527,654,P_DENSE
