WEEK,segment,rate_human,rate_llm,N,seg_col
3,(1) Not at all or less than 1 day,0.4798464491362764,0.3781190019193858,521,SOC5A
3,(2) 1-2 days,0.5605095541401274,0.4713375796178344,157,SOC5A
3,(3) 3-4 days,0.5138888888888888,0.4861111111111111,72,SOC5A
3,(4) 5-7 days,0.45901639344262296,0.3770491803278688,61,SOC5A
3,(77) DON'T KNOW,0.0,0.0,3,SOC5A
3,(98) SKIPPED ON WEB,0.0,0.0,3,SOC5A
