WEEK,segment,rate_human,rate_llm,N,seg_col
1,(1) Not at all or less than 1 day,0.45194274028629855,0.39263803680981596,489,SOC5A
1,(2) 1-2 days,0.5502645502645502,0.4444444444444444,189,SOC5A
1,(3) 3-4 days,0.5529411764705883,0.47058823529411764,85,SOC5A
1,(4) 5-7 days,0.46153846153846156,0.4153846153846154,65,SOC5A
1,(98) SKIPPED ON WEB,0.5,0.0,2,SOC5A
