WEEK,segment,rate_human,rate_llm,N,seg_col
2,(1) Rural,0.4883720930232558,0.2558139534883721,43,P_DENSE
2,(2) Suburban,0.4695121951219512,0.3475609756097561,164,P_DENSE
2,(3) Urban,0.48575712143928035,0.3988005997001499,667,P_DENSE
