WEEK,segment,rate_human,rate_llm,N,seg_col
2,(1) Not at all or less than 1 day,0.4883720930232558,0.36175710594315247,387,SOC5A
2,(2) 1-2 days,0.47761194029850745,0.3880597014925373,134,SOC5A
2,(3) 3-4 days,0.5862068965517241,0.4482758620689655,58,SOC5A
2,(4) 5-7 days,0.39622641509433965,0.32075471698113206,53,SOC5A
2,(77) DON'T KNOW,0.5,0.5,2,SOC5A
2,(98) SKIPPED ON WEB,1.0,0.5,2,SOC5A
