WEEK,segment,rate_human,rate_llm,N,seg_col
2,(1) Excellent,0.6142857142857143,0.4642857142857143,140,PHYS8
2,(2) Very good,0.4727272727272727,0.3890909090909091,275,PHYS8
2,(3) Good,0.5135135135135135,0.3581081081081081,148,PHYS8
2,(4) Fair,0.3050847457627119,0.2033898305084746,59,PHYS8
2,(5) Poor,0.07692307692307693,0.0,13,PHYS8
2,(98) SKIPPED ON WEB,0.0,0.0,1,PHYS8
