WEEK,segment,rate_human,rate_llm,N,seg_col
1,(1) Rural,0.5294117647058824,0.47058823529411764,17,P_DENSE
1,(2) Suburban,0.48484848484848486,0.36363636363636365,99,P_DENSE
1,(3) Urban,0.4809322033898305,0.3622881355932203,472,P_DENSE
