WEEK,segment,rate_human,rate_llm,N,seg_col
1,(1) Not at all or less than 1 day,0.4369747899159664,0.3557422969187675,357,SOC5A
1,(2) 1-2 days,0.5634920634920635,0.36507936507936506,126,SOC5A
1,(3) 3-4 days,0.5873015873015873,0.4444444444444444,63,SOC5A
1,(4) 5-7 days,0.475,0.35,40,SOC5A
1,(98) SKIPPED ON WEB,0.5,0.0,2,SOC5A
