WEEK,segment,rate_human,rate_llm,N,seg_col
2,(1) Rural,0.5357142857142857,0.35714285714285715,28,P_DENSE
2,(2) Suburban,0.4864864864864865,0.3333333333333333,111,P_DENSE
2,(3) Urban,0.4869215291750503,0.3822937625754527,497,P_DENSE
