WEEK,segment,rate_human,rate_llm,N,seg_col
1,(1) Excellent,0.5486111111111112,0.4583333333333333,144,PHYS8
1,(2) Very good,0.5458333333333333,0.42916666666666664,240,PHYS8
1,(3) Good,0.45517241379310347,0.296551724137931,145,PHYS8
1,(4) Fair,0.15555555555555556,0.06666666666666667,45,PHYS8
1,(5) Poor,0.07142857142857142,0.0,14,PHYS8
