{
  "linear_brier": 0.08357859676533894,
  "prospect_brier": 0.08999271142550214
}