{
  "MAE": 4.519083969465649,
  "RMSE": 9.416568150084766,
  "PearsonR": 0.4346542007883949,
  "N": 131
}