{
  "MAE": 5.75,
  "RMSE": 11.245163569450812,
  "PearsonR": 0.6178478360272021,
  "N": 108
}