{
  "MAE": 3.726618705035971,
  "RMSE": 7.97568246555534,
  "PearsonR": 0.6745456272240066,
  "N": 139
}