{
  "MAE": 6.967532467532467,
  "RMSE": 12.456417529223145,
  "PearsonR": 0.4307666738548949,
  "N": 154
}