{
  "MAE": 3.6742424242424243,
  "RMSE": 7.8175211137314085,
  "PearsonR": 0.6023249101590368,
  "N": 132
}