{
  "MAE": 5.774193548387097,
  "RMSE": 11.246504833402328,
  "PearsonR": 0.3852287148256461,
  "N": 124
}