{
  "classification_linear": {
    "train": {
      "n_iter": 200,
      "nll": 5911.439043469235,
      "beta_norm": 3.368189916779691,
      "intercept": -0.04927779841698452,
      "acc": 0.8854779228545799,
      "brier": 0.08731284348094674,
      "logloss": 0.29459694607558345
    },
    "test": {
      "acc": 0.8927646003587801,
      "brier": 0.08357859676533894,
      "logloss": 0.28496760828076223
    },
    "coef_norm": 3.368189916779691,
    "intercept": -0.04927779841698452,
    "coef": {
      "AGE7": -0.11771101969491447,
      "PHYS8": -0.14566245131359892,
      "ECON4A": -2.4722210811133594,
      "ECON4B": 0.5923615707291812,
      "GENDER_1.0": -0.10065831854237242,
      "GENDER_2.0": -0.16989553773472732,
      "GENDER_nan": -1.0650128766979836,
      "RACETH_1.0": 0.03015442398545192,
      "RACETH_2.0": -0.3401258740472127,
      "RACETH_3.0": -0.45539977255622843,
      "RACETH_4.0": 0.04736172369386122,
      "RACETH_88.0": 0.15611910586686104,
      "RACETH_nan": -0.7736763399212843,
      "P_DENSE_1.0": 0.04743994222794967,
      "P_DENSE_2.0": -0.08851424584860021,
      "P_DENSE_3.0": -0.0453860599028845,
      "P_DENSE_nan": -1.2491063694526645,
      "ECON3_z": 1.0730394278434652,
      "chronic_condition_count": -0.015107510512365132,
      "symptom_count": 0.01758375555045707,
      "psych_score": 0.008564110337683763
    }
  },
  "classification_prospect": {
    "train": {
      "n_iter": 200,
      "nll": 6375.989176492201,
      "beta_norm": 2.4937665614495343,
      "intercept": -0.20197046455808615,
      "acc": 0.8753114721419316,
      "brier": 0.09333971091223689,
      "logloss": 0.3177493313133602
    },
    "test": {
      "acc": 0.8784133944588399,
      "brier": 0.08999271142550214,
      "logloss": 0.3090583563873229
    },
    "coef_norm": 2.4937665614495343,
    "intercept": -0.20197046455808615,
    "coef": {
      "AGE7": -0.0850709810967374,
      "PHYS8": -0.15383115063695443,
      "ECON4A": -1.8189131405447871,
      "ECON4B": 0.433959832509893,
      "GENDER_1.0": 0.19343248247004527,
      "GENDER_2.0": 0.0792410571336344,
      "GENDER_nan": -0.5841894175068538,
      "RACETH_1.0": 0.18989316928854064,
      "RACETH_2.0": -0.08419078120271502,
      "RACETH_3.0": -0.23922562785374518,
      "RACETH_4.0": 0.23772200917446693,
      "RACETH_88.0": 0.2496606340709058,
      "RACETH_nan": -0.6653752813671312,
      "P_DENSE_1.0": 0.2801013725347574,
      "P_DENSE_2.0": 0.17238711101717014,
      "P_DENSE_3.0": 0.19011661972905855,
      "P_DENSE_nan": -0.9541209811806274,
      "ECON3_z": 0.7673311043797347,
      "chronic_condition_count": -0.01260711401624756,
      "symptom_count": 0.025315996272330606,
      "psych_score": 0.0051850208670711365
    },
    "pt_params": {
      "alpha": 0.88,
      "beta_v": 0.88,
      "lambda": 2.25,
      "pw_gamma": 0.65
    }
  },
  "hours": {
    "train": {
      "rmse": 10.389991014556733,
      "mae": 6.908111070221987
    },
    "test": {
      "rmse": 10.611301290555575,
      "mae": 7.098771465283763
    },
    "intercept": 13.51092734285132,
    "coef": {
      "AGE7": -0.45973552978759274,
      "PHYS8": 0.36085593015414724,
      "ECON4A": -5.467459193435032,
      "ECON4B": 1.5331750670787816,
      "GENDER_1.0": 5.5515195107111195,
      "GENDER_2.0": 3.8510043870023924,
      "GENDER_nan": 4.108403442908043,
      "RACETH_1.0": 2.932367191842398,
      "RACETH_2.0": 1.8355793243015246,
      "RACETH_3.0": 2.602277458811018,
      "RACETH_4.0": 3.1382773989212462,
      "RACETH_88.0": 2.665768691937004,
      "RACETH_nan": 0.33665727840307197,
      "P_DENSE_1.0": 2.36799606430958,
      "P_DENSE_2.0": 2.098324762011343,
      "P_DENSE_3.0": 2.736232052266182,
      "P_DENSE_nan": 6.308374462621555,
      "ECON3_z": 13.986297476270082,
      "chronic_condition_count": -0.15200336394710093,
      "symptom_count": -0.004541321332911175,
      "psych_score": -0.09440797322579284
    }
  },
  "shapes": {
    "X": [
      25269,
      21
    ],
    "X_hours": [
      10602,
      21
    ]
  }
}