WEEK,KS,Wasserstein,LLM_N,Human_N
1,0.21052010651565714,6.469528432264806,341,348
2,0.17594420098350785,4.344612451075503,334,358
3,0.1885222381635581,4.419296987087518,328,340
