scope,econ1_corr,econ1_r2,econ1_n,econ2_corr,econ2_r2,econ2_n
pooled,-0.2969373028516362,0.08817176182480391,2514,-0.030260349408568712,0.0009156887463285246,1003
