{
  "MAE": 5.129287598944591,
  "RMSE": 10.146421441763525,
  "PearsonR": 0.44952710669241625,
  "N": 379
}