{
  "prelec": {
    "alpha": 0.5,
    "beta": 1.75,
    "mse": 0.13854875159955932
  },
  "econ1": {
    "N": 2510,
    "R2_eut": 0.08014604013613402,
    "R2_pt": 0.00031000367041911225
  },
  "econ2": {
    "N": 2521,
    "R2_eut": 0.08588223097749725,
    "R2_pt": 0.003947470076197557
  }
}