WEEK,STATE,econ1_rate_llm,econ1_rate_human,econ2_mean_llm,econ2_mean_human
1,NY,0.37362637362637363,0.4065934065934066,43.095588235294116,
1,TX,0.3482142857142857,0.4375,42.05128205128205,
2,NY,0.3654390934844193,0.4164305949008499,42.36434108527132,
2,TX,0.38162544169611307,0.43462897526501765,41.342592592592595,
